{
  "project_info": {
    "project_number": "196925743154",
    "firebase_url": "https://crashlytics-8b5e3.firebaseio.com",
    "project_id": "crashlytics-8b5e3",
    "storage_bucket": "crashlytics-8b5e3.appspot.com"
  },
  "client": [
    {
      "client_info": {
        "mobilesdk_app_id": "1:196925743154:android:c47211daed49a6d2",
        "android_client_info": {
          "package_name": "com.packt.crashreport"
        }
      },
      "oauth_client": [
        {
          "client_id": "196925743154-tshnj7m2uo2fb772k7ttoiiqng34f8ej.apps.googleusercontent.com",
          "client_type": 1,
          "android_info": {
            "package_name": "com.packt.crashreport",
            "certificate_hash": "3c27016b61addb7698273f2e7706584c80602b46"
          }
        },
        {
          "client_id": "196925743154-fvsb6njt0hu2gr2q3ueg82ofugf7b0vc.apps.googleusercontent.com",
          "client_type": 3
        }
      ],
      "api_key": [
        {
          "current_key": "AIzaSyBLoXTjbOhnlw38G3UTvxjWvdvvy_3bLzs"
        }
      ],
      "services": {
        "analytics_service": {
          "status": 1
        },
        "appinvite_service": {
          "status": 2,
          "other_platform_oauth_client": [
            {
              "client_id": "196925743154-fvsb6njt0hu2gr2q3ueg82ofugf7b0vc.apps.googleusercontent.com",
              "client_type": 3
            }
          ]
        },
        "ads_service": {
          "status": 2
        }
      }
    }
  ],
  "configuration_version": "1"
}